nom,prenom,filière,Campus,Annee,email
Natka,Tiffa,GDesign,Bordeaux,M1,Natka.Tiffa@ican-school.com
Jeanna,Bendick,GProgramming,Bordeaux,2A,Jeanna.Bendick@ican-school.com
Ninnetta,Mendez,GArt,Paris,2A,Ninnetta.Mendez@ican-school.com
Norine,Fosque,Animation,Lille,M1,Norine.Fosque@ican-school.com
Leia,Ramona,Animation,Lyon,1A,Leia.Ramona@ican-school.com
Britte,Karna,GProgramming,Bordeaux,2A,Britte.Karna@ican-school.com
Kathy,Nerita,Communication,Bordeaux,M2,Kathy.Nerita@ican-school.com
Ethel,Charity,Animation,Paris,M2,Ethel.Charity@ican-school.com
Devina,Adalbert,GProgramming,Paris,M2,Devina.Adalbert@ican-school.com
Therine,Tremayne,Communication,Lyon,M1,Therine.Tremayne@ican-school.com
Elka,Fairweather,GDesign,Bordeaux,2A,Elka.Fairweather@ican-school.com
Berget,Wareing,Concept Art,Remote,2A,Berget.Wareing@ican-school.com
Queenie,Belldas,GArt,Bordeaux,M1,Queenie.Belldas@ican-school.com
Queenie,Verger,Communication,Lyon,3A,Queenie.Verger@ican-school.com
Genevra,Wilkinson,GDesign,Bordeaux,M2,Genevra.Wilkinson@ican-school.com
Amii,Carleen,GProgramming,Lille,M2,Amii.Carleen@ican-school.com
Donetta,Creamer,Communication,Bordeaux,M2,Donetta.Creamer@ican-school.com
Madelle,Earlie,Animation,Remote,M2,Madelle.Earlie@ican-school.com
Cam,Rad,GDesign,Remote,3A,Cam.Rad@ican-school.com
Gisela,Gualtiero,Concept Art,Lyon,2A,Gisela.Gualtiero@ican-school.com
Meriel,Erich,Animation,Lyon,M2,Meriel.Erich@ican-school.com
Elyssa,Reneta,GArt,Remote,2A,Elyssa.Reneta@ican-school.com
Marti,Kussell,GDesign,Bordeaux,3A,Marti.Kussell@ican-school.com
Bobbi,Pattin,GArt,Bordeaux,1A,Bobbi.Pattin@ican-school.com
Ermengarde,Mauer,Concept Art,Lyon,1A,Ermengarde.Mauer@ican-school.com
Charmaine,Wilona,GProgramming,Bordeaux,1A,Charmaine.Wilona@ican-school.com
Violet,Natalia,Narrative Design,Paris,1A,Violet.Natalia@ican-school.com
Lila,Carri,GDesign,Bordeaux,M1,Lila.Carri@ican-school.com
Roseline,Anton,GArt,Lille,M1,Roseline.Anton@ican-school.com
Annabela,Septima,Narrative Design,Bordeaux,M1,Annabela.Septima@ican-school.com
Corly,Zaslow,Concept Art,Bordeaux,1A,Corly.Zaslow@ican-school.com
Harrietta,Juan,Narrative Design,Paris,M2,Harrietta.Juan@ican-school.com
Priscilla,Wilona,Concept Art,Bordeaux,3A,Priscilla.Wilona@ican-school.com
Stevana,Nunci,Animation,Remote,M1,Stevana.Nunci@ican-school.com
Halette,Fitzsimmons,Communication,Bordeaux,3A,Halette.Fitzsimmons@ican-school.com
Marika,Scammon,Communication,Remote,M2,Marika.Scammon@ican-school.com
Carmela,Barrus,Narrative Design,Paris,3A,Carmela.Barrus@ican-school.com
Meghann,Rubie,Communication,Lille,M2,Meghann.Rubie@ican-school.com
Mariele,Bluh,GArt,Paris,1A,Mariele.Bluh@ican-school.com
Aubrie,Eiser,GDesign,Lyon,M2,Aubrie.Eiser@ican-school.com
June,Marcellus,GArt,Lille,M2,June.Marcellus@ican-school.com
Elfreda,Grobe,GProgramming,Remote,M2,Elfreda.Grobe@ican-school.com
Shauna,Mozelle,GDesign,Paris,2A,Shauna.Mozelle@ican-school.com
Nickie,Sisile,GDesign,Bordeaux,3A,Nickie.Sisile@ican-school.com
Kamilah,Howlyn,GArt,Remote,1A,Kamilah.Howlyn@ican-school.com
Sarette,Daveta,GArt,Lille,3A,Sarette.Daveta@ican-school.com
Leeanne,Croix,GArt,Bordeaux,2A,Leeanne.Croix@ican-school.com
Raf,Norvol,Communication,Lille,M2,Raf.Norvol@ican-school.com
Lily,Nisbet,Concept Art,Lille,M2,Lily.Nisbet@ican-school.com
Daune,Billye,GProgramming,Bordeaux,3A,Daune.Billye@ican-school.com
Queenie,Mandler,Narrative Design,Remote,M1,Queenie.Mandler@ican-school.com
Alexine,Jorgan,Animation,Lille,3A,Alexine.Jorgan@ican-school.com
Zaria,Amasa,GArt,Lyon,2A,Zaria.Amasa@ican-school.com
Carly,Soneson,GProgramming,Paris,3A,Carly.Soneson@ican-school.com
Ardenia,Ricki,GProgramming,Lyon,3A,Ardenia.Ricki@ican-school.com
Angela,Barney,GDesign,Bordeaux,3A,Angela.Barney@ican-school.com
Babita,Ader,Communication,Lille,3A,Babita.Ader@ican-school.com
Jessy,Daniele,Concept Art,Bordeaux,M2,Jessy.Daniele@ican-school.com
Alyda,Susannah,Narrative Design,Remote,1A,Alyda.Susannah@ican-school.com
Inga,Idelia,GArt,Lille,M1,Inga.Idelia@ican-school.com
Odessa,Pitt,GArt,Bordeaux,M2,Odessa.Pitt@ican-school.com
Lyssa,Eldrid,GDesign,Bordeaux,2A,Lyssa.Eldrid@ican-school.com
Rosaline,Gualtiero,GProgramming,Lyon,M1,Rosaline.Gualtiero@ican-school.com
Janenna,Melan,Communication,Remote,2A,Janenna.Melan@ican-school.com
Kellen,Tremayne,Communication,Lille,2A,Kellen.Tremayne@ican-school.com
Di,Haldas,Concept Art,Remote,2A,Di.Haldas@ican-school.com
Carol-Jean,Byrne,GProgramming,Bordeaux,3A,Carol-Jean.Byrne@ican-school.com
Britni,Mintz,GArt,Lyon,2A,Britni.Mintz@ican-school.com
Corene,Jagir,Narrative Design,Remote,3A,Corene.Jagir@ican-school.com
Correy,Septima,GDesign,Remote,2A,Correy.Septima@ican-school.com
Caressa,Cimbura,Narrative Design,Paris,M2,Caressa.Cimbura@ican-school.com
Sam,Mendez,GDesign,Bordeaux,2A,Sam.Mendez@ican-school.com
Katharina,Heidt,Narrative Design,Remote,M1,Katharina.Heidt@ican-school.com
Andree,Eliathas,GDesign,Remote,1A,Andree.Eliathas@ican-school.com
Barbi,Ardeha,GDesign,Remote,3A,Barbi.Ardeha@ican-school.com
Ruthe,Sherfield,GProgramming,Bordeaux,3A,Ruthe.Sherfield@ican-school.com
Edith,Amasa,Communication,Paris,M2,Edith.Amasa@ican-school.com
Tatiania,Wenoa,GArt,Bordeaux,2A,Tatiania.Wenoa@ican-school.com
Christy,Raychel,Concept Art,Remote,M1,Christy.Raychel@ican-school.com
Juliane,Cherianne,GDesign,Paris,M2,Juliane.Cherianne@ican-school.com
Charmaine,Kellby,Concept Art,Lille,M1,Charmaine.Kellby@ican-school.com
Barbara,Papageno,Animation,Bordeaux,M2,Barbara.Papageno@ican-school.com
Sarette,Margret,Animation,Paris,2A,Sarette.Margret@ican-school.com
Marcy,Tayib,GProgramming,Paris,M1,Marcy.Tayib@ican-school.com
Vinita,Cornelia,Animation,Paris,1A,Vinita.Cornelia@ican-school.com
Lauryn,Anton,GProgramming,Remote,M2,Lauryn.Anton@ican-school.com
Fanchon,Syd,Animation,Paris,2A,Fanchon.Syd@ican-school.com
Corry,Elisha,Narrative Design,Lille,1A,Corry.Elisha@ican-school.com
Danika,Elbertina,GDesign,Bordeaux,3A,Danika.Elbertina@ican-school.com
Fayre,Holtz,GProgramming,Lyon,3A,Fayre.Holtz@ican-school.com
Marcy,Ludewig,GProgramming,Remote,M1,Marcy.Ludewig@ican-school.com
Maryellen,Mehalek,GDesign,Remote,1A,Maryellen.Mehalek@ican-school.com
Lynea,Bultman,GDesign,Bordeaux,M1,Lynea.Bultman@ican-school.com
Goldie,Nickola,GProgramming,Paris,3A,Goldie.Nickola@ican-school.com
Janeczka,Maribeth,Concept Art,Bordeaux,1A,Janeczka.Maribeth@ican-school.com
Kelly,Standing,GProgramming,Bordeaux,2A,Kelly.Standing@ican-school.com
June,Friede,Concept Art,Paris,M1,June.Friede@ican-school.com
Jackie,Hunfredo,GProgramming,Lille,M1,Jackie.Hunfredo@ican-school.com
Mellicent,Mauer,Concept Art,Lyon,2A,Mellicent.Mauer@ican-school.com
Eadie,Freddi,Narrative Design,Bordeaux,M1,Eadie.Freddi@ican-school.com
Cyb,Taima,GProgramming,Remote,M1,Cyb.Taima@ican-school.com
Doralynne,Wilkinson,Narrative Design,Paris,M1,Doralynne.Wilkinson@ican-school.com
Ileana,Ariella,Animation,Lyon,M1,Ileana.Ariella@ican-school.com
Catharine,Meter,GDesign,Remote,3A,Catharine.Meter@ican-school.com
Alexine,Prober,Communication,Bordeaux,M2,Alexine.Prober@ican-school.com
Alyda,Gibbeon,GArt,Lille,1A,Alyda.Gibbeon@ican-school.com
Sherrie,Saree,Communication,Bordeaux,M1,Sherrie.Saree@ican-school.com
Modestia,Marlie,GArt,Bordeaux,2A,Modestia.Marlie@ican-school.com
Margette,Ruvolo,Narrative Design,Paris,2A,Margette.Ruvolo@ican-school.com
Tarra,Merat,Animation,Paris,3A,Tarra.Merat@ican-school.com
Moyna,Andrel,Animation,Lille,3A,Moyna.Andrel@ican-school.com
Catharine,Sprage,GArt,Remote,2A,Catharine.Sprage@ican-school.com
Oona,Maribeth,GDesign,Bordeaux,M1,Oona.Maribeth@ican-school.com
Celisse,Rustice,GProgramming,Bordeaux,2A,Celisse.Rustice@ican-school.com
Marleah,Nikaniki,Animation,Lille,M2,Marleah.Nikaniki@ican-school.com
Kara-Lynn,Peonir,GProgramming,Lille,M2,Kara-Lynn.Peonir@ican-school.com
Vivia,Havens,Communication,Paris,2A,Vivia.Havens@ican-school.com
Hollie,Brieta,Narrative Design,Bordeaux,2A,Hollie.Brieta@ican-school.com
Florencia,Margarete,Concept Art,Lille,M2,Florencia.Margarete@ican-school.com
Lesly,Ehrman,GDesign,Lyon,2A,Lesly.Ehrman@ican-school.com
Arlina,Jeanne,GDesign,Lille,3A,Arlina.Jeanne@ican-school.com
Aimil,Fontana,Concept Art,Bordeaux,1A,Aimil.Fontana@ican-school.com
Blake,Ioab,Animation,Paris,1A,Blake.Ioab@ican-school.com
Florie,Flita,Concept Art,Paris,M1,Florie.Flita@ican-school.com
Winifred,Valerio,GDesign,Remote,1A,Winifred.Valerio@ican-school.com
Riannon,Bach,Narrative Design,Paris,3A,Riannon.Bach@ican-school.com
Mildrid,Goth,GProgramming,Bordeaux,M2,Mildrid.Goth@ican-school.com
Nanete,Craggie,Concept Art,Bordeaux,1A,Nanete.Craggie@ican-school.com
Harmonia,Rillings,GProgramming,Bordeaux,M2,Harmonia.Rillings@ican-school.com
Gui,Brunell,GProgramming,Bordeaux,3A,Gui.Brunell@ican-school.com
Aurore,Read,GArt,Lille,M1,Aurore.Read@ican-school.com
Annora,Gunn,Concept Art,Bordeaux,3A,Annora.Gunn@ican-school.com
Fina,Masao,Animation,Bordeaux,2A,Fina.Masao@ican-school.com
Cissiee,Baudin,GProgramming,Bordeaux,1A,Cissiee.Baudin@ican-school.com
Jessy,Claudine,GArt,Lyon,1A,Jessy.Claudine@ican-school.com
Susan,Judye,GDesign,Bordeaux,2A,Susan.Judye@ican-school.com
Tobe,Ehrman,GProgramming,Paris,1A,Tobe.Ehrman@ican-school.com
Ottilie,Sekofski,Animation,Remote,1A,Ottilie.Sekofski@ican-school.com
Florie,Kress,GArt,Bordeaux,M2,Florie.Kress@ican-school.com
Adriana,Sheng,Communication,Bordeaux,1A,Adriana.Sheng@ican-school.com
Jordan,Elbertina,Concept Art,Paris,M1,Jordan.Elbertina@ican-school.com
Zia,Gamaliel,Animation,Paris,M2,Zia.Gamaliel@ican-school.com
Kayla,Wolfgram,GDesign,Bordeaux,3A,Kayla.Wolfgram@ican-school.com
Corina,Cherianne,GProgramming,Lille,3A,Corina.Cherianne@ican-school.com
Annecorinne,Dawkins,Communication,Paris,1A,Annecorinne.Dawkins@ican-school.com
Marline,Clywd,Animation,Paris,M1,Marline.Clywd@ican-school.com
Latisha,Anderea,Animation,Paris,3A,Latisha.Anderea@ican-school.com
Sybille,Ashok,GProgramming,Lille,M2,Sybille.Ashok@ican-school.com
Celisse,Wu,Animation,Paris,M1,Celisse.Wu@ican-school.com
Ricky,Dorine,Narrative Design,Bordeaux,M2,Ricky.Dorine@ican-school.com
Valeda,Jethro,Narrative Design,Lille,2A,Valeda.Jethro@ican-school.com
Paulita,Sacken,Concept Art,Lille,2A,Paulita.Sacken@ican-school.com
Willetta,Lesley,Concept Art,Paris,1A,Willetta.Lesley@ican-school.com
Charlena,Love,Concept Art,Lyon,3A,Charlena.Love@ican-school.com
Lorenza,Edee,Narrative Design,Bordeaux,M1,Lorenza.Edee@ican-school.com
Consuela,Flyn,Animation,Lyon,1A,Consuela.Flyn@ican-school.com
Alex,Ricki,Concept Art,Lyon,M1,Alex.Ricki@ican-school.com
Lucille,Niccolo,GArt,Lyon,3A,Lucille.Niccolo@ican-school.com
Ricky,Barbey,Narrative Design,Lille,M1,Ricky.Barbey@ican-school.com
Joceline,Schalles,Animation,Remote,3A,Joceline.Schalles@ican-school.com
Letizia,Kenwood,Narrative Design,Bordeaux,2A,Letizia.Kenwood@ican-school.com
Latisha,Douglass,GDesign,Bordeaux,2A,Latisha.Douglass@ican-school.com
Aaren,Tannie,Concept Art,Lyon,3A,Aaren.Tannie@ican-school.com
Vanessa,Nickola,Narrative Design,Lille,2A,Vanessa.Nickola@ican-school.com
Letizia,Euridice,GArt,Lyon,M1,Letizia.Euridice@ican-school.com
Frances,Amasa,Communication,Lille,M1,Frances.Amasa@ican-school.com
Emilia,Greenwald,Concept Art,Lille,3A,Emilia.Greenwald@ican-school.com
Latisha,Kat,GDesign,Paris,3A,Latisha.Kat@ican-school.com
Cristabel,Magdalen,Communication,Paris,1A,Cristabel.Magdalen@ican-school.com
Dorene,Taam,Concept Art,Lyon,1A,Dorene.Taam@ican-school.com
Myrtice,Bonucci,Concept Art,Lille,M2,Myrtice.Bonucci@ican-school.com
Maurene,Kesley,Concept Art,Remote,3A,Maurene.Kesley@ican-school.com
Beverley,Even,Narrative Design,Lille,3A,Beverley.Even@ican-school.com
Merry,Kolnick,GDesign,Remote,M2,Merry.Kolnick@ican-school.com
Lila,Carey,Concept Art,Remote,2A,Lila.Carey@ican-school.com
Minne,Zitvaa,Narrative Design,Paris,3A,Minne.Zitvaa@ican-school.com
Kayla,Alarise,Communication,Paris,3A,Kayla.Alarise@ican-school.com
Teddie,Vacuva,GArt,Remote,2A,Teddie.Vacuva@ican-school.com
Shirlee,Odysseus,GProgramming,Bordeaux,2A,Shirlee.Odysseus@ican-school.com
Fanchon,Janith,Animation,Paris,M1,Fanchon.Janith@ican-school.com
Philis,Joeann,GDesign,Remote,1A,Philis.Joeann@ican-school.com
Sharai,Rebecka,Concept Art,Paris,1A,Sharai.Rebecka@ican-school.com
Gusella,Francene,Animation,Remote,M1,Gusella.Francene@ican-school.com
Corina,Maisey,Animation,Paris,3A,Corina.Maisey@ican-school.com
Charmaine,O'Carroll,GProgramming,Lyon,M1,Charmaine.O'Carroll@ican-school.com
Jenilee,Xerxes,Communication,Paris,1A,Jenilee.Xerxes@ican-school.com
Dorice,Lunsford,Narrative Design,Paris,M1,Dorice.Lunsford@ican-school.com
Stephanie,Andrel,Communication,Bordeaux,M1,Stephanie.Andrel@ican-school.com
Deedee,Thad,GProgramming,Lyon,M1,Deedee.Thad@ican-school.com
Glenda,Jalbert,Concept Art,Paris,3A,Glenda.Jalbert@ican-school.com
Phylis,Cassius,GProgramming,Lyon,1A,Phylis.Cassius@ican-school.com
Jessy,Tryck,Animation,Bordeaux,1A,Jessy.Tryck@ican-school.com
Ira,Horan,GProgramming,Lyon,2A,Ira.Horan@ican-school.com
Ivett,Gavrila,GProgramming,Lyon,3A,Ivett.Gavrila@ican-school.com
Sheelagh,Taima,GProgramming,Lyon,3A,Sheelagh.Taima@ican-school.com
Lorie,Vivle,Animation,Lille,1A,Lorie.Vivle@ican-school.com
Cherilyn,Palocz,Concept Art,Lille,3A,Cherilyn.Palocz@ican-school.com
Ursulina,Berriman,Communication,Remote,M2,Ursulina.Berriman@ican-school.com
Frieda,Oneida,Narrative Design,Lyon,1A,Frieda.Oneida@ican-school.com
Gilligan,Quent,GDesign,Paris,3A,Gilligan.Quent@ican-school.com
Kylynn,Faust,Narrative Design,Paris,3A,Kylynn.Faust@ican-school.com
Clementine,Ephrem,GDesign,Remote,3A,Clementine.Ephrem@ican-school.com
Jillayne,Eben,Animation,Paris,1A,Jillayne.Eben@ican-school.com
Dode,Pacorro,GProgramming,Bordeaux,M1,Dode.Pacorro@ican-school.com
Mariann,Naashom,Concept Art,Paris,M1,Mariann.Naashom@ican-school.com
Brietta,Yerkovich,Communication,Paris,2A,Brietta.Yerkovich@ican-school.com
Feliza,Eno,Concept Art,Bordeaux,M1,Feliza.Eno@ican-school.com
Hollie,Astra,Narrative Design,Lyon,3A,Hollie.Astra@ican-school.com
Lily,Tippets,Concept Art,Lille,M1,Lily.Tippets@ican-school.com
Dolli,Wandie,Concept Art,Bordeaux,2A,Dolli.Wandie@ican-school.com
Myrtice,Uird,GDesign,Remote,M2,Myrtice.Uird@ican-school.com
Averyl,Eno,Animation,Bordeaux,3A,Averyl.Eno@ican-school.com
Consuela,Killigrew,GProgramming,Paris,M1,Consuela.Killigrew@ican-school.com
Augustine,Geffner,Concept Art,Remote,M1,Augustine.Geffner@ican-school.com
Theodora,Blake,GProgramming,Lyon,M2,Theodora.Blake@ican-school.com
Kore,Helfand,Animation,Paris,M1,Kore.Helfand@ican-school.com
Lexine,Nerita,GArt,Remote,3A,Lexine.Nerita@ican-school.com
Jillayne,Lamoree,Communication,Bordeaux,M2,Jillayne.Lamoree@ican-school.com
Dorthy,Holbrook,Communication,Bordeaux,M1,Dorthy.Holbrook@ican-school.com
Jessy,Friede,GDesign,Remote,M1,Jessy.Friede@ican-school.com
Dianemarie,Israeli,GProgramming,Remote,M1,Dianemarie.Israeli@ican-school.com
Alex,Chick,Concept Art,Lille,3A,Alex.Chick@ican-school.com
Kelly,Hanshaw,GProgramming,Remote,1A,Kelly.Hanshaw@ican-school.com
Zsa Zsa,Cristi,Animation,Bordeaux,1A,Zsa Zsa.Cristi@ican-school.com
Ezmeralda,Riva,GArt,Paris,1A,Ezmeralda.Riva@ican-school.com
Katuscha,Cecile,GArt,Paris,M1,Katuscha.Cecile@ican-school.com
Brietta,Alwin,GDesign,Lille,M1,Brietta.Alwin@ican-school.com
Jacenta,Carmena,Communication,Bordeaux,M2,Jacenta.Carmena@ican-school.com
Nadine,Lane,GArt,Lyon,2A,Nadine.Lane@ican-school.com
Tierney,Voletta,GProgramming,Lyon,M2,Tierney.Voletta@ican-school.com
Luci,Jacinda,Narrative Design,Lille,2A,Luci.Jacinda@ican-school.com
Lilith,Ursulette,Communication,Paris,3A,Lilith.Ursulette@ican-school.com
Sherrie,Hutchison,Narrative Design,Lyon,1A,Sherrie.Hutchison@ican-school.com
Reeba,Thema,Narrative Design,Bordeaux,1A,Reeba.Thema@ican-school.com
Konstance,Maroney,GProgramming,Remote,3A,Konstance.Maroney@ican-school.com
Dorene,Holbrook,Concept Art,Paris,2A,Dorene.Holbrook@ican-school.com
Aigneis,Thomasina,GDesign,Lille,1A,Aigneis.Thomasina@ican-school.com
Florie,Ariella,GArt,Remote,M2,Florie.Ariella@ican-school.com
Marylou,Podvin,GDesign,Lille,M1,Marylou.Podvin@ican-school.com
Raf,Rooney,GArt,Remote,3A,Raf.Rooney@ican-school.com
Oralee,Erskine,GArt,Lyon,1A,Oralee.Erskine@ican-school.com
Emelina,Vacuva,GProgramming,Lyon,2A,Emelina.Vacuva@ican-school.com
Madeleine,Arley,GDesign,Lyon,2A,Madeleine.Arley@ican-school.com
Lizzie,Guthrie,Concept Art,Remote,M2,Lizzie.Guthrie@ican-school.com
Tina,Chobot,GProgramming,Paris,1A,Tina.Chobot@ican-school.com
Briney,Bertold,Communication,Remote,1A,Briney.Bertold@ican-school.com
Dorothy,Lenny,GArt,Bordeaux,M1,Dorothy.Lenny@ican-school.com
Roberta,Bates,GProgramming,Paris,1A,Roberta.Bates@ican-school.com
Gilda,Ulphia,Narrative Design,Remote,2A,Gilda.Ulphia@ican-school.com
Marsiella,Madox,Animation,Bordeaux,3A,Marsiella.Madox@ican-school.com
Clary,Sibyls,Concept Art,Remote,M2,Clary.Sibyls@ican-school.com
Reeba,Esmaria,Communication,Bordeaux,3A,Reeba.Esmaria@ican-school.com
Max,Loleta,GProgramming,Lyon,M1,Max.Loleta@ican-school.com
Christal,Gualtiero,GArt,Bordeaux,2A,Christal.Gualtiero@ican-school.com
Zondra,Pip,Narrative Design,Paris,1A,Zondra.Pip@ican-school.com
Norine,Celestine,Concept Art,Lyon,1A,Norine.Celestine@ican-school.com
Janenna,Ephrem,GArt,Remote,2A,Janenna.Ephrem@ican-school.com
Meg,Bennie,GProgramming,Bordeaux,3A,Meg.Bennie@ican-school.com
Lyssa,Yoko,GDesign,Lyon,M1,Lyssa.Yoko@ican-school.com
Marnia,Anastatius,Animation,Lille,M2,Marnia.Anastatius@ican-school.com
Kathy,Franza,GProgramming,Bordeaux,1A,Kathy.Franza@ican-school.com
Jillayne,Kare,Narrative Design,Lyon,2A,Jillayne.Kare@ican-school.com
Lanae,Khorma,Narrative Design,Lille,M2,Lanae.Khorma@ican-school.com
Shell,Means,Narrative Design,Bordeaux,3A,Shell.Means@ican-school.com
Kary,Gombach,GArt,Remote,2A,Kary.Gombach@ican-school.com
Gianina,Mendez,Animation,Remote,2A,Gianina.Mendez@ican-school.com
Fidelia,Fadiman,Animation,Lille,1A,Fidelia.Fadiman@ican-school.com
Misha,Brady,Narrative Design,Remote,M1,Misha.Brady@ican-school.com
Norine,Devlen,Concept Art,Lille,3A,Norine.Devlen@ican-school.com
Jessy,Schonfeld,GArt,Paris,1A,Jessy.Schonfeld@ican-school.com
Ardenia,McGrody,GProgramming,Lille,2A,Ardenia.McGrody@ican-school.com
Felice,Bigner,Communication,Paris,M2,Felice.Bigner@ican-school.com
Roz,Lubin,Narrative Design,Paris,M1,Roz.Lubin@ican-school.com
Kerrin,Meli,Animation,Lyon,3A,Kerrin.Meli@ican-school.com
Courtnay,Alabaster,Narrative Design,Lille,1A,Courtnay.Alabaster@ican-school.com
Suzette,Aurelio,Animation,Lyon,M2,Suzette.Aurelio@ican-school.com
Lynde,Alcott,Communication,Lille,M2,Lynde.Alcott@ican-school.com
Elsie,Gualtiero,GArt,Paris,2A,Elsie.Gualtiero@ican-school.com
Anica,Diogenes,GDesign,Lille,2A,Anica.Diogenes@ican-school.com
Noelle,Sheng,Animation,Lyon,2A,Noelle.Sheng@ican-school.com
Jinny,Nikaniki,GProgramming,Lille,1A,Jinny.Nikaniki@ican-school.com
Yetty,Anestassia,Concept Art,Paris,M1,Yetty.Anestassia@ican-school.com
Rosabelle,Abernon,Animation,Lyon,2A,Rosabelle.Abernon@ican-school.com
Grier,Mullane,Concept Art,Bordeaux,3A,Grier.Mullane@ican-school.com
Correy,Thunell,GArt,Remote,M2,Correy.Thunell@ican-school.com
Perry,Katrine,Concept Art,Bordeaux,1A,Perry.Katrine@ican-school.com
Mildrid,Adalbert,Narrative Design,Lille,1A,Mildrid.Adalbert@ican-school.com
Alisha,Merell,Communication,Remote,M1,Alisha.Merell@ican-school.com
Gerianna,Orlene,Communication,Lyon,M2,Gerianna.Orlene@ican-school.com
Rosabelle,Knowling,Animation,Lyon,3A,Rosabelle.Knowling@ican-school.com
Abbie,Margret,Communication,Lille,M2,Abbie.Margret@ican-school.com
Asia,Ries,GArt,Lille,3A,Asia.Ries@ican-school.com
Caritta,Katrine,GArt,Paris,1A,Caritta.Katrine@ican-school.com
Alex,Rad,GProgramming,Lyon,1A,Alex.Rad@ican-school.com
Elbertina,Elo,GProgramming,Paris,1A,Elbertina.Elo@ican-school.com
Michaelina,Maiah,Narrative Design,Lyon,M1,Michaelina.Maiah@ican-school.com
Gusty,Esmaria,GArt,Paris,M1,Gusty.Esmaria@ican-school.com
Dyann,Emmaline,Animation,Lyon,1A,Dyann.Emmaline@ican-school.com
Correy,O'Rourke,GArt,Lyon,2A,Correy.O'Rourke@ican-school.com
Kittie,Fennessy,Narrative Design,Lyon,1A,Kittie.Fennessy@ican-school.com
Amara,Diogenes,Narrative Design,Lille,2A,Amara.Diogenes@ican-school.com
Melisent,Brady,GProgramming,Lille,M1,Melisent.Brady@ican-school.com
Louella,Thilda,Narrative Design,Paris,2A,Louella.Thilda@ican-school.com
Viki,Maroney,Concept Art,Lyon,M2,Viki.Maroney@ican-school.com
Frieda,Harday,Communication,Lille,M2,Frieda.Harday@ican-school.com
Basia,Joli,GDesign,Lille,1A,Basia.Joli@ican-school.com
Siana,Abbot,GProgramming,Paris,1A,Siana.Abbot@ican-school.com
Ardys,Sibyls,GDesign,Bordeaux,M1,Ardys.Sibyls@ican-school.com
Blinni,Redmond,GDesign,Lille,3A,Blinni.Redmond@ican-school.com
Justinn,Diogenes,Concept Art,Lille,2A,Justinn.Diogenes@ican-school.com
Ursulina,Ethban,GProgramming,Bordeaux,M1,Ursulina.Ethban@ican-school.com
Hannis,Merell,GArt,Lille,2A,Hannis.Merell@ican-school.com
Kirstin,Baylor,Narrative Design,Lille,3A,Kirstin.Baylor@ican-school.com
Olivette,Sinegold,GArt,Bordeaux,3A,Olivette.Sinegold@ican-school.com
Adelle,Trace,Communication,Bordeaux,2A,Adelle.Trace@ican-school.com
Jordan,Brittani,GProgramming,Bordeaux,2A,Jordan.Brittani@ican-school.com
Halette,Cordi,Animation,Paris,3A,Halette.Cordi@ican-school.com
Dianemarie,Fairweather,Narrative Design,Paris,M2,Dianemarie.Fairweather@ican-school.com
Margette,Ciro,Concept Art,Lille,3A,Margette.Ciro@ican-school.com
Ursulina,Ciapas,GProgramming,Lille,2A,Ursulina.Ciapas@ican-school.com
Tina,Gregrory,GProgramming,Lyon,1A,Tina.Gregrory@ican-school.com
Ingrid,Auberbach,Animation,Bordeaux,3A,Ingrid.Auberbach@ican-school.com
Annaliese,Juan,GDesign,Paris,2A,Annaliese.Juan@ican-school.com
Lorne,Syd,Concept Art,Lille,M2,Lorne.Syd@ican-school.com
Alejandra,Leonard,Concept Art,Lyon,2A,Alejandra.Leonard@ican-school.com
Riannon,Alabaster,Communication,Lyon,2A,Riannon.Alabaster@ican-school.com
Ronna,Read,GProgramming,Lille,M2,Ronna.Read@ican-school.com
Jemie,Wittie,Communication,Lille,3A,Jemie.Wittie@ican-school.com
Rosene,Linehan,Animation,Remote,M2,Rosene.Linehan@ican-school.com
Hettie,Barrus,Concept Art,Bordeaux,M2,Hettie.Barrus@ican-school.com
Elbertina,Denis,Narrative Design,Remote,1A,Elbertina.Denis@ican-school.com
Cassandra,Bouchard,Concept Art,Lille,M1,Cassandra.Bouchard@ican-school.com
Tiffie,Annabella,Communication,Remote,M2,Tiffie.Annabella@ican-school.com
Adelle,Raffo,GProgramming,Lille,M1,Adelle.Raffo@ican-school.com
Gusty,Turne,Communication,Bordeaux,M2,Gusty.Turne@ican-school.com
Sam,Iaverne,Communication,Remote,M2,Sam.Iaverne@ican-school.com
Phedra,Turne,Communication,Paris,3A,Phedra.Turne@ican-school.com
Ida,Jerold,Animation,Remote,2A,Ida.Jerold@ican-school.com
Constance,Estella,GDesign,Lille,1A,Constance.Estella@ican-school.com
Kittie,Romelda,GArt,Lille,2A,Kittie.Romelda@ican-school.com
Renae,Leary,GProgramming,Lyon,1A,Renae.Leary@ican-school.com
Flo,Rolf,GDesign,Lille,1A,Flo.Rolf@ican-school.com
Tonia,Constancy,GDesign,Bordeaux,M1,Tonia.Constancy@ican-school.com
Merle,Ailyn,Animation,Remote,2A,Merle.Ailyn@ican-school.com
Bertine,Emmy,GProgramming,Remote,M1,Bertine.Emmy@ican-school.com
Taffy,Bartlett,GDesign,Paris,M1,Taffy.Bartlett@ican-school.com
Helsa,Hedve,GProgramming,Remote,1A,Helsa.Hedve@ican-school.com
Lorie,Hanleigh,GProgramming,Remote,1A,Lorie.Hanleigh@ican-school.com
Grier,Kenney,Concept Art,Bordeaux,M2,Grier.Kenney@ican-school.com
Pollyanna,Pond,GArt,Lyon,2A,Pollyanna.Pond@ican-school.com
Clary,Raul,GArt,Lille,2A,Clary.Raul@ican-school.com
Marguerite,Klotz,Concept Art,Remote,2A,Marguerite.Klotz@ican-school.com
Pearline,Turne,GProgramming,Lyon,1A,Pearline.Turne@ican-school.com
Ulrike,Wind,GArt,Bordeaux,2A,Ulrike.Wind@ican-school.com
Emylee,Junie,Narrative Design,Bordeaux,2A,Emylee.Junie@ican-school.com
Goldie,Kaete,Concept Art,Paris,2A,Goldie.Kaete@ican-school.com
Olivette,Maryanne,GProgramming,Lille,M1,Olivette.Maryanne@ican-school.com
Margarette,Himelman,Concept Art,Lille,M2,Margarette.Himelman@ican-school.com
Bertine,Niles,GDesign,Bordeaux,M2,Bertine.Niles@ican-school.com
Joy,Llovera,Narrative Design,Lyon,3A,Joy.Llovera@ican-school.com
Viki,Ellord,Communication,Paris,2A,Viki.Ellord@ican-school.com
Mady,Han,Communication,Lyon,1A,Mady.Han@ican-school.com
Rochette,Fabiola,Communication,Bordeaux,3A,Rochette.Fabiola@ican-school.com
Corina,Adrienne,GProgramming,Lille,3A,Corina.Adrienne@ican-school.com
Kathi,Donoghue,Narrative Design,Paris,1A,Kathi.Donoghue@ican-school.com
Heida,Boycey,Communication,Remote,3A,Heida.Boycey@ican-school.com
Elfreda,Claudine,GProgramming,Lille,3A,Elfreda.Claudine@ican-school.com
Nelle,Ricki,Animation,Bordeaux,3A,Nelle.Ricki@ican-school.com
Maisey,Tremayne,Animation,Remote,M2,Maisey.Tremayne@ican-school.com
Meriel,Arne,GArt,Bordeaux,3A,Meriel.Arne@ican-school.com
Nariko,Telfer,GArt,Lille,3A,Nariko.Telfer@ican-school.com
Nikki,Celestine,GProgramming,Lyon,2A,Nikki.Celestine@ican-school.com
Dianemarie,Reinke,Animation,Bordeaux,2A,Dianemarie.Reinke@ican-school.com
Dianemarie,Azeria,Concept Art,Remote,M2,Dianemarie.Azeria@ican-school.com
Aurelie,Blisse,Narrative Design,Paris,1A,Aurelie.Blisse@ican-school.com
Jenda,Granoff,GProgramming,Remote,3A,Jenda.Granoff@ican-school.com
Sean,Nerita,Communication,Lille,3A,Sean.Nerita@ican-school.com
Mariele,Peti,GProgramming,Lille,M2,Mariele.Peti@ican-school.com
Cyb,Mata,GArt,Remote,3A,Cyb.Mata@ican-school.com
Alameda,Berard,Communication,Lille,M2,Alameda.Berard@ican-school.com
Lenna,Syd,GArt,Remote,3A,Lenna.Syd@ican-school.com
Dyann,Cressida,Communication,Bordeaux,1A,Dyann.Cressida@ican-school.com
Lindie,Wallis,GProgramming,Lyon,1A,Lindie.Wallis@ican-school.com
Audrie,Glovsky,GProgramming,Paris,M2,Audrie.Glovsky@ican-school.com
Minda,Sothena,Concept Art,Paris,3A,Minda.Sothena@ican-school.com
Ronna,Santoro,Communication,Lyon,1A,Ronna.Santoro@ican-school.com
Taffy,Afton,Narrative Design,Lyon,M1,Taffy.Afton@ican-school.com
Dianemarie,Kat,GProgramming,Lille,2A,Dianemarie.Kat@ican-school.com
Dede,Turne,Communication,Paris,M2,Dede.Turne@ican-school.com
Blake,Vorster,GArt,Remote,M1,Blake.Vorster@ican-school.com
Gaylene,Chobot,Animation,Bordeaux,3A,Gaylene.Chobot@ican-school.com
Mariann,Rogerio,Narrative Design,Remote,1A,Mariann.Rogerio@ican-school.com
Ericka,Mendez,Communication,Bordeaux,M1,Ericka.Mendez@ican-school.com
Lusa,Stacy,Animation,Bordeaux,1A,Lusa.Stacy@ican-school.com
Farrah,Gillan,Concept Art,Bordeaux,M2,Farrah.Gillan@ican-school.com
Marguerite,Evangelia,Narrative Design,Bordeaux,1A,Marguerite.Evangelia@ican-school.com
Gui,Kress,GArt,Lille,3A,Gui.Kress@ican-school.com
Dania,Gilbertson,Communication,Remote,M2,Dania.Gilbertson@ican-school.com
Evaleen,Giule,Communication,Lyon,M2,Evaleen.Giule@ican-school.com
Janis,Bryna,Concept Art,Lyon,3A,Janis.Bryna@ican-school.com
Aaren,Weaks,GProgramming,Remote,1A,Aaren.Weaks@ican-school.com
Giustina,Belldas,GProgramming,Bordeaux,M2,Giustina.Belldas@ican-school.com
Janeczka,Artie,GArt,Lyon,2A,Janeczka.Artie@ican-school.com
Annecorinne,Georgy,Concept Art,Bordeaux,M1,Annecorinne.Georgy@ican-school.com
Alleen,MacIntosh,GDesign,Paris,M1,Alleen.MacIntosh@ican-school.com
Madeleine,Khorma,GArt,Paris,M1,Madeleine.Khorma@ican-school.com
Bettine,Vins,Concept Art,Lille,M1,Bettine.Vins@ican-school.com
Rosabelle,Mullane,Narrative Design,Lille,M2,Rosabelle.Mullane@ican-school.com
Dawn,Joeann,Animation,Remote,1A,Dawn.Joeann@ican-school.com
Gale,Lindemann,Communication,Lyon,M1,Gale.Lindemann@ican-school.com
Ada,Reidar,Animation,Bordeaux,2A,Ada.Reidar@ican-school.com
Elvira,Vharat,Concept Art,Paris,M1,Elvira.Vharat@ican-school.com
Augustine,Sinegold,GArt,Bordeaux,M1,Augustine.Sinegold@ican-school.com
Dione,Pozzy,Communication,Remote,2A,Dione.Pozzy@ican-school.com
Gretal,Carleen,GProgramming,Paris,M2,Gretal.Carleen@ican-school.com
Beatriz,Shama,Communication,Paris,M2,Beatriz.Shama@ican-school.com
Charlena,Gert,Animation,Lyon,1A,Charlena.Gert@ican-school.com
Henriette,Cutlerr,Narrative Design,Lyon,M1,Henriette.Cutlerr@ican-school.com
Lonnie,Couture,GDesign,Lyon,2A,Lonnie.Couture@ican-school.com
Kamilah,Brady,Communication,Remote,M2,Kamilah.Brady@ican-school.com
Harrietta,Kelula,Narrative Design,Lille,M2,Harrietta.Kelula@ican-school.com
Bobbi,Gilmour,Animation,Lyon,M2,Bobbi.Gilmour@ican-school.com
Olwen,Adamsen,Narrative Design,Bordeaux,M1,Olwen.Adamsen@ican-school.com
Barbi,Halla,GProgramming,Paris,1A,Barbi.Halla@ican-school.com
Ricky,Johanna,GDesign,Bordeaux,2A,Ricky.Johanna@ican-school.com
Marylou,Christine,Concept Art,Remote,M2,Marylou.Christine@ican-school.com
Silvana,Japeth,GDesign,Remote,M1,Silvana.Japeth@ican-school.com
Giustina,Lanita,Communication,Paris,3A,Giustina.Lanita@ican-school.com
Ernesta,Euridice,Communication,Lille,M2,Ernesta.Euridice@ican-school.com
Rozele,Lubin,Narrative Design,Bordeaux,3A,Rozele.Lubin@ican-school.com
Caritta,Drisko,GDesign,Paris,M2,Caritta.Drisko@ican-school.com
Betta,Obed,Communication,Bordeaux,M1,Betta.Obed@ican-school.com
Ardys,Kosey,GDesign,Remote,1A,Ardys.Kosey@ican-school.com
Brynna,Cassius,Animation,Remote,M2,Brynna.Cassius@ican-school.com
Ariela,Lissi,GProgramming,Bordeaux,2A,Ariela.Lissi@ican-school.com
Frances,Amand,GProgramming,Lyon,2A,Frances.Amand@ican-school.com
Teddie,Matthew,Communication,Remote,2A,Teddie.Matthew@ican-school.com
Pamella,Decato,Narrative Design,Lille,M2,Pamella.Decato@ican-school.com
Jordan,Jary,Animation,Lille,3A,Jordan.Jary@ican-school.com
Ofilia,Brieta,GDesign,Paris,M1,Ofilia.Brieta@ican-school.com
Mallory,Bahr,GDesign,Lille,2A,Mallory.Bahr@ican-school.com
Esmeralda,Letsou,Animation,Bordeaux,1A,Esmeralda.Letsou@ican-school.com
Adriana,Brenn,GProgramming,Lille,2A,Adriana.Brenn@ican-school.com
Tobe,Kazimir,Communication,Remote,3A,Tobe.Kazimir@ican-school.com
Cindelyn,Krystle,Narrative Design,Lyon,3A,Cindelyn.Krystle@ican-school.com
Marylou,Rosette,Animation,Paris,2A,Marylou.Rosette@ican-school.com
Zsa Zsa,Tryck,GProgramming,Lyon,3A,Zsa Zsa.Tryck@ican-school.com
Sissy,Heisel,Concept Art,Bordeaux,M1,Sissy.Heisel@ican-school.com
Belva,Ramona,GArt,Paris,2A,Belva.Ramona@ican-school.com
Kylynn,Obed,GArt,Paris,3A,Kylynn.Obed@ican-school.com
Selia,Fitzsimmons,Animation,Paris,M1,Selia.Fitzsimmons@ican-school.com
Marcy,Durware,Animation,Remote,3A,Marcy.Durware@ican-school.com
Brianna,Kauppi,GDesign,Remote,M1,Brianna.Kauppi@ican-school.com
Jean,Shirberg,Communication,Remote,M1,Jean.Shirberg@ican-school.com
Aaren,Hedve,Narrative Design,Lille,M2,Aaren.Hedve@ican-school.com
Janeczka,Sawtelle,GProgramming,Bordeaux,M2,Janeczka.Sawtelle@ican-school.com
Kaja,Leopold,Concept Art,Lille,M2,Kaja.Leopold@ican-school.com
Amelia,Vastah,GArt,Remote,M1,Amelia.Vastah@ican-school.com
Mathilda,Ledah,Animation,Bordeaux,2A,Mathilda.Ledah@ican-school.com
Lizzie,Pauly,Narrative Design,Lyon,M1,Lizzie.Pauly@ican-school.com
Wileen,Stav,GProgramming,Remote,2A,Wileen.Stav@ican-school.com
Paule,Dash,GArt,Bordeaux,M1,Paule.Dash@ican-school.com
Brietta,Tannie,Communication,Bordeaux,1A,Brietta.Tannie@ican-school.com
Katleen,Winnick,GDesign,Lyon,3A,Katleen.Winnick@ican-school.com
Micheline,Zuzana,GProgramming,Lyon,M1,Micheline.Zuzana@ican-school.com
Tersina,Cyrie,GProgramming,Bordeaux,1A,Tersina.Cyrie@ican-school.com
Elyssa,Israeli,Concept Art,Remote,2A,Elyssa.Israeli@ican-school.com
Raf,Paton,Concept Art,Lyon,1A,Raf.Paton@ican-school.com
Thalia,Shelba,GProgramming,Remote,1A,Thalia.Shelba@ican-school.com
Alyda,Koziara,Concept Art,Remote,M1,Alyda.Koziara@ican-school.com
Benita,Leler,GArt,Remote,M2,Benita.Leler@ican-school.com
Imojean,August,Narrative Design,Lyon,M2,Imojean.August@ican-school.com
Cristine,Bebe,Narrative Design,Remote,M2,Cristine.Bebe@ican-school.com
Leona,Jaylene,Narrative Design,Bordeaux,M2,Leona.Jaylene@ican-school.com
Violet,Sancho,Concept Art,Remote,M2,Violet.Sancho@ican-school.com
Christy,Gibbeon,GProgramming,Lille,M2,Christy.Gibbeon@ican-school.com
Dorothy,Milde,Concept Art,Lille,M2,Dorothy.Milde@ican-school.com
Laurene,Barrus,GArt,Remote,2A,Laurene.Barrus@ican-school.com
Meg,Francyne,Communication,Bordeaux,M1,Meg.Francyne@ican-school.com
Kristan,Kannry,GDesign,Lille,3A,Kristan.Kannry@ican-school.com
Laurene,Brotherson,Animation,Remote,1A,Laurene.Brotherson@ican-school.com
Livvyy,Khorma,GArt,Remote,3A,Livvyy.Khorma@ican-school.com
Betta,Deegan,Narrative Design,Remote,M1,Betta.Deegan@ican-school.com
Joelly,Hoban,GDesign,Remote,M1,Joelly.Hoban@ican-school.com
Oona,Dowski,GDesign,Paris,1A,Oona.Dowski@ican-school.com
Tarra,Lamoree,Animation,Remote,M1,Tarra.Lamoree@ican-school.com
Doro,Pillsbury,Animation,Lille,M2,Doro.Pillsbury@ican-school.com
Gabriellia,Ricki,Narrative Design,Lyon,M2,Gabriellia.Ricki@ican-school.com
Sarette,Agle,Concept Art,Bordeaux,M2,Sarette.Agle@ican-school.com
Stevana,Vacuva,Concept Art,Bordeaux,1A,Stevana.Vacuva@ican-school.com
Esmeralda,Stuart,Narrative Design,Paris,M1,Esmeralda.Stuart@ican-school.com
Hayley,Wesle,GDesign,Lyon,3A,Hayley.Wesle@ican-school.com
Michaelina,Emerson,GProgramming,Lyon,M2,Michaelina.Emerson@ican-school.com
Abbie,Delacourt,GArt,Remote,M2,Abbie.Delacourt@ican-school.com
Rubie,Rosemary,Animation,Remote,M1,Rubie.Rosemary@ican-school.com
Stacey,Nickola,GDesign,Lille,1A,Stacey.Nickola@ican-school.com
Janenna,Nance,GArt,Paris,3A,Janenna.Nance@ican-school.com
Olivette,Sinegold,GDesign,Lyon,1A,Olivette.Sinegold@ican-school.com
Norine,Longfellow,Concept Art,Paris,1A,Norine.Longfellow@ican-school.com
Suzette,Plato,Communication,Lyon,3A,Suzette.Plato@ican-school.com
Mignon,Hutchison,Concept Art,Lyon,2A,Mignon.Hutchison@ican-school.com
Anestassia,Jethro,GArt,Lille,M1,Anestassia.Jethro@ican-school.com
Darci,Wu,GProgramming,Remote,3A,Darci.Wu@ican-school.com
Tori,Kauppi,GProgramming,Lyon,1A,Tori.Kauppi@ican-school.com
Halette,Florina,GProgramming,Remote,3A,Halette.Florina@ican-school.com
Cristine,Isacco,GProgramming,Lille,2A,Cristine.Isacco@ican-school.com
Oralee,Magdalen,GArt,Bordeaux,1A,Oralee.Magdalen@ican-school.com
Aili,Teryn,Narrative Design,Paris,1A,Aili.Teryn@ican-school.com
Gratia,Modie,GProgramming,Paris,1A,Gratia.Modie@ican-school.com
Tabbatha,Kimmie,GArt,Bordeaux,2A,Tabbatha.Kimmie@ican-school.com
Ardenia,Delila,GArt,Lyon,M1,Ardenia.Delila@ican-school.com
Larine,Laurianne,Communication,Bordeaux,3A,Larine.Laurianne@ican-school.com
Dorene,Parette,Narrative Design,Bordeaux,M2,Dorene.Parette@ican-school.com
Cristine,Alarise,Communication,Lyon,M1,Cristine.Alarise@ican-school.com
Aurelie,Remmer,Concept Art,Lyon,3A,Aurelie.Remmer@ican-school.com
Lynde,Rurik,Narrative Design,Lyon,M2,Lynde.Rurik@ican-school.com
Ardeen,Tacye,Communication,Bordeaux,M1,Ardeen.Tacye@ican-school.com
Lexine,Camden,Concept Art,Lyon,1A,Lexine.Camden@ican-school.com
Fernande,Gwenore,Animation,Paris,1A,Fernande.Gwenore@ican-school.com
Mathilda,Keelia,GProgramming,Lille,3A,Mathilda.Keelia@ican-school.com
Evita,Nickola,Narrative Design,Lille,M1,Evita.Nickola@ican-school.com
Blondelle,Concha,Communication,Lille,M2,Blondelle.Concha@ican-school.com
Annora,Pulsifer,Narrative Design,Remote,M1,Annora.Pulsifer@ican-school.com
Loree,Abernon,Concept Art,Bordeaux,3A,Loree.Abernon@ican-school.com
Jasmina,Travax,Narrative Design,Remote,M2,Jasmina.Travax@ican-school.com
Nadine,Fabiola,GProgramming,Bordeaux,M1,Nadine.Fabiola@ican-school.com
Ann-Marie,Colyer,GDesign,Paris,1A,Ann-Marie.Colyer@ican-school.com
Pearline,Sherrie,GProgramming,Remote,3A,Pearline.Sherrie@ican-school.com
Lorne,Salvidor,GProgramming,Lille,1A,Lorne.Salvidor@ican-school.com
Karena,Carbo,GArt,Remote,M1,Karena.Carbo@ican-school.com
Antonietta,Nea,Communication,Lyon,M1,Antonietta.Nea@ican-school.com
Leanna,Seligman,Concept Art,Paris,1A,Leanna.Seligman@ican-school.com
Lindie,Ricki,GDesign,Paris,M2,Lindie.Ricki@ican-school.com
Ardenia,Bryna,Concept Art,Paris,M1,Ardenia.Bryna@ican-school.com
Roberta,Margret,Animation,Bordeaux,M1,Roberta.Margret@ican-school.com
Lily,Gilmour,Animation,Paris,M1,Lily.Gilmour@ican-school.com
Nananne,Allare,Concept Art,Lyon,3A,Nananne.Allare@ican-school.com
Lanna,Cutlerr,GProgramming,Paris,1A,Lanna.Cutlerr@ican-school.com
Ericka,Rogerio,Animation,Lyon,3A,Ericka.Rogerio@ican-school.com
Phedra,Lasley,Concept Art,Remote,M2,Phedra.Lasley@ican-school.com
Carmencita,Teryn,GDesign,Paris,M1,Carmencita.Teryn@ican-school.com
Lusa,Korey,GArt,Lyon,2A,Lusa.Korey@ican-school.com
Shirlee,Diogenes,GProgramming,Paris,M1,Shirlee.Diogenes@ican-school.com
Delilah,Nikaniki,Narrative Design,Remote,M1,Delilah.Nikaniki@ican-school.com
Ariela,Kare,GDesign,Remote,2A,Ariela.Kare@ican-school.com
Jenda,Hermes,Narrative Design,Paris,2A,Jenda.Hermes@ican-school.com
Nataline,Jaylene,GArt,Remote,M1,Nataline.Jaylene@ican-school.com
Ariela,Mullane,GDesign,Remote,2A,Ariela.Mullane@ican-school.com
Brooks,Chobot,Narrative Design,Lille,M2,Brooks.Chobot@ican-school.com
Ruthe,Raul,GArt,Lille,3A,Ruthe.Raul@ican-school.com
Gianina,Holtz,GDesign,Lille,M1,Gianina.Holtz@ican-school.com
Gaylene,Eno,Communication,Paris,2A,Gaylene.Eno@ican-school.com
Stephanie,Jeanne,Animation,Lyon,3A,Stephanie.Jeanne@ican-school.com
Demetris,Ingra,Animation,Remote,3A,Demetris.Ingra@ican-school.com
Dennie,Colp,Communication,Bordeaux,M2,Dennie.Colp@ican-school.com
Elsie,Oster,GDesign,Remote,3A,Elsie.Oster@ican-school.com
Janenna,Rustice,GProgramming,Lille,M1,Janenna.Rustice@ican-school.com
Lisette,Marijo,Animation,Lille,M1,Lisette.Marijo@ican-school.com
Jacenta,Abbot,GProgramming,Lille,2A,Jacenta.Abbot@ican-school.com
Elka,Bultman,GDesign,Bordeaux,3A,Elka.Bultman@ican-school.com
Raquela,Narton,Communication,Lille,1A,Raquela.Narton@ican-school.com
Carlie,Magdalen,Narrative Design,Bordeaux,3A,Carlie.Magdalen@ican-school.com
Gilligan,Oneida,GDesign,Remote,M1,Gilligan.Oneida@ican-school.com
Barbi,Marden,Concept Art,Remote,2A,Barbi.Marden@ican-school.com
Delilah,Seligman,Narrative Design,Lyon,M1,Delilah.Seligman@ican-school.com
Sadie,Jammal,Narrative Design,Bordeaux,M2,Sadie.Jammal@ican-school.com
Zaria,Lauraine,GProgramming,Remote,3A,Zaria.Lauraine@ican-school.com
Grier,Valoniah,Animation,Remote,2A,Grier.Valoniah@ican-school.com
Margarette,Grayce,Narrative Design,Lille,3A,Margarette.Grayce@ican-school.com
Elena,Hamil,Communication,Lyon,3A,Elena.Hamil@ican-school.com
Orelia,Sibyls,Communication,Remote,M2,Orelia.Sibyls@ican-school.com
Tobe,Amethist,GArt,Lyon,M1,Tobe.Amethist@ican-school.com
Tiffie,Ferino,Animation,Lille,1A,Tiffie.Ferino@ican-school.com
Rosene,Raseda,Animation,Lille,M1,Rosene.Raseda@ican-school.com
Jorry,Goth,GDesign,Lille,2A,Jorry.Goth@ican-school.com
Mathilda,Kazimir,Animation,Bordeaux,3A,Mathilda.Kazimir@ican-school.com
Eadie,Willie,Narrative Design,Paris,1A,Eadie.Willie@ican-school.com
Selia,Old,GProgramming,Lille,M2,Selia.Old@ican-school.com
Edyth,Truc,GArt,Paris,1A,Edyth.Truc@ican-school.com
Jillayne,Lewes,GProgramming,Lyon,3A,Jillayne.Lewes@ican-school.com
Kirstin,Deny,Animation,Bordeaux,3A,Kirstin.Deny@ican-school.com
Courtnay,Saree,Animation,Remote,2A,Courtnay.Saree@ican-school.com
Sandie,Gombach,Narrative Design,Remote,M1,Sandie.Gombach@ican-school.com
Lory,Carbo,Narrative Design,Bordeaux,M1,Lory.Carbo@ican-school.com
Emmey,Sherfield,GProgramming,Remote,2A,Emmey.Sherfield@ican-school.com
Dianemarie,McClimans,Narrative Design,Lille,3A,Dianemarie.McClimans@ican-school.com
Philis,Berne,Communication,Remote,M1,Philis.Berne@ican-school.com
Esmeralda,Connelly,GDesign,Paris,3A,Esmeralda.Connelly@ican-school.com
Wilma,Henrie,Animation,Paris,1A,Wilma.Henrie@ican-school.com
Aeriela,Fulmer,Communication,Lyon,M1,Aeriela.Fulmer@ican-school.com
Tina,Gemini,Narrative Design,Bordeaux,1A,Tina.Gemini@ican-school.com
Carree,Plato,GProgramming,Paris,1A,Carree.Plato@ican-school.com
Georgetta,Dudley,Narrative Design,Remote,2A,Georgetta.Dudley@ican-school.com
Millie,Daniele,Communication,Lille,M2,Millie.Daniele@ican-school.com
Perry,Marlie,Communication,Lyon,M1,Perry.Marlie@ican-school.com
Caryl,Selway,Animation,Lille,3A,Caryl.Selway@ican-school.com
Trudie,Wareing,Narrative Design,Remote,M1,Trudie.Wareing@ican-school.com
Meriel,Mott,GProgramming,Bordeaux,3A,Meriel.Mott@ican-school.com
Ernesta,Claudine,Narrative Design,Lille,M2,Ernesta.Claudine@ican-school.com
Dennie,Olympium,Communication,Remote,M2,Dennie.Olympium@ican-school.com
Suzette,Ethban,Narrative Design,Lille,M1,Suzette.Ethban@ican-school.com
Kary,Cloris,Animation,Paris,1A,Kary.Cloris@ican-school.com
Ada,Bultman,GDesign,Paris,M2,Ada.Bultman@ican-school.com
Aimil,Kazimir,Concept Art,Paris,M1,Aimil.Kazimir@ican-school.com
Amalie,Seumas,Concept Art,Remote,1A,Amalie.Seumas@ican-school.com
Marline,Darbie,Narrative Design,Lille,1A,Marline.Darbie@ican-school.com
Lynde,Burch,GDesign,Lyon,M1,Lynde.Burch@ican-school.com
Marleah,Ephrem,Communication,Lyon,M1,Marleah.Ephrem@ican-school.com
Coral,Howlyn,Communication,Bordeaux,M2,Coral.Howlyn@ican-school.com
Fidelia,Blase,GProgramming,Paris,2A,Fidelia.Blase@ican-school.com
Blake,Zaslow,GProgramming,Paris,3A,Blake.Zaslow@ican-school.com
Ira,Anis,Animation,Paris,M2,Ira.Anis@ican-school.com
Dotty,Mata,GDesign,Lyon,2A,Dotty.Mata@ican-school.com
Agathe,Juliet,GProgramming,Lyon,M2,Agathe.Juliet@ican-school.com
Kirbee,Longfellow,GArt,Bordeaux,2A,Kirbee.Longfellow@ican-school.com
Minne,Toni,Narrative Design,Lyon,M1,Minne.Toni@ican-school.com
Aurore,Zeeba,Concept Art,Lille,1A,Aurore.Zeeba@ican-school.com
Georgina,Delp,GProgramming,Bordeaux,M1,Georgina.Delp@ican-school.com
Patricia,Milde,Communication,Lille,M2,Patricia.Milde@ican-school.com
Cristabel,Hepsibah,Narrative Design,Lille,M2,Cristabel.Hepsibah@ican-school.com
Inga,Gualtiero,GProgramming,Remote,2A,Inga.Gualtiero@ican-school.com
Claudina,Chesna,Animation,Bordeaux,M1,Claudina.Chesna@ican-school.com
Consuela,Jess,Concept Art,Bordeaux,1A,Consuela.Jess@ican-school.com
Ida,Karna,Animation,Lyon,2A,Ida.Karna@ican-school.com
Deane,Vharat,GDesign,Bordeaux,3A,Deane.Vharat@ican-school.com
Lita,Couture,GDesign,Paris,1A,Lita.Couture@ican-school.com
Sonni,Cleavland,Concept Art,Paris,M1,Sonni.Cleavland@ican-school.com
Tatiania,Jethro,GProgramming,Bordeaux,M2,Tatiania.Jethro@ican-school.com
Lanae,Florina,GDesign,Bordeaux,1A,Lanae.Florina@ican-school.com
Shell,Philipp,GArt,Lille,1A,Shell.Philipp@ican-school.com
Selma,Ardeha,GDesign,Bordeaux,1A,Selma.Ardeha@ican-school.com
Gwyneth,Earlie,GArt,Lille,3A,Gwyneth.Earlie@ican-school.com
Hyacinthe,Friede,Concept Art,Remote,2A,Hyacinthe.Friede@ican-school.com
Shauna,Olnee,GProgramming,Bordeaux,M1,Shauna.Olnee@ican-school.com
Tatiania,Justinn,GArt,Lille,M2,Tatiania.Justinn@ican-school.com
Gianina,Grobe,Narrative Design,Lyon,3A,Gianina.Grobe@ican-school.com
Nicoli,Cookie,Narrative Design,Lyon,1A,Nicoli.Cookie@ican-school.com
Silvana,Read,GDesign,Lille,2A,Silvana.Read@ican-school.com
Dominga,Kazimir,Narrative Design,Bordeaux,1A,Dominga.Kazimir@ican-school.com
Jinny,Palocz,Narrative Design,Paris,1A,Jinny.Palocz@ican-school.com
Karly,Narton,GArt,Lyon,M2,Karly.Narton@ican-school.com
Gisela,Erskine,Communication,Lille,3A,Gisela.Erskine@ican-school.com
Liana,Radu,GDesign,Lyon,M1,Liana.Radu@ican-school.com
Shaine,Toffic,Concept Art,Bordeaux,1A,Shaine.Toffic@ican-school.com
Cristine,Jobi,GDesign,Bordeaux,2A,Cristine.Jobi@ican-school.com
Oralee,Kirbee,Narrative Design,Remote,M2,Oralee.Kirbee@ican-school.com
Juliane,Jobi,Communication,Lille,M1,Juliane.Jobi@ican-school.com
Annice,Graig,GProgramming,Lille,3A,Annice.Graig@ican-school.com
Alejandra,Schonfeld,Narrative Design,Lille,3A,Alejandra.Schonfeld@ican-school.com
Bernie,Erminia,GDesign,Bordeaux,M2,Bernie.Erminia@ican-school.com
Arabel,Andrel,Concept Art,Paris,M1,Arabel.Andrel@ican-school.com
Robinia,Bibi,Animation,Paris,3A,Robinia.Bibi@ican-school.com
Rori,Elbertina,GDesign,Lille,2A,Rori.Elbertina@ican-school.com
Lanae,Torray,GArt,Lille,M1,Lanae.Torray@ican-school.com
Deloria,Simmonds,GDesign,Bordeaux,2A,Deloria.Simmonds@ican-school.com
Tierney,Redmond,Concept Art,Lyon,3A,Tierney.Redmond@ican-school.com
Aryn,Gamaliel,Communication,Remote,1A,Aryn.Gamaliel@ican-school.com
Rhea,Minetta,GProgramming,Lille,3A,Rhea.Minetta@ican-school.com
Jsandye,Palocz,Communication,Lille,M2,Jsandye.Palocz@ican-school.com
Paule,Stilwell,Narrative Design,Paris,2A,Paule.Stilwell@ican-school.com
Marcy,Pulsifer,Narrative Design,Remote,1A,Marcy.Pulsifer@ican-school.com
Corry,Timon,Concept Art,Bordeaux,M1,Corry.Timon@ican-school.com
Charissa,Gherardo,GProgramming,Paris,3A,Charissa.Gherardo@ican-school.com
Britte,Gaal,Concept Art,Lyon,1A,Britte.Gaal@ican-school.com
Clary,Rad,Narrative Design,Paris,3A,Clary.Rad@ican-school.com
Angelique,Susannah,Animation,Paris,M2,Angelique.Susannah@ican-school.com
Bobinette,Natalia,GArt,Remote,2A,Bobinette.Natalia@ican-school.com
Michaelina,Middleton,GArt,Remote,M1,Michaelina.Middleton@ican-school.com
Wendi,Quinn,Communication,Bordeaux,M1,Wendi.Quinn@ican-school.com
Benita,Carbo,Narrative Design,Lille,M2,Benita.Carbo@ican-school.com
Alie,Jotham,Communication,Lyon,M2,Alie.Jotham@ican-school.com
Maud,Rugen,Communication,Bordeaux,3A,Maud.Rugen@ican-school.com
Jany,Merat,GArt,Lille,1A,Jany.Merat@ican-school.com
Sindee,Darian,Narrative Design,Paris,M2,Sindee.Darian@ican-school.com
Alejandra,Brenn,GDesign,Lille,M1,Alejandra.Brenn@ican-school.com
Belinda,Rogerio,Animation,Lille,3A,Belinda.Rogerio@ican-school.com
Chandra,Lynn,GArt,Lille,3A,Chandra.Lynn@ican-school.com
Ericka,Lalitta,Concept Art,Lyon,M1,Ericka.Lalitta@ican-school.com
Latisha,Ailyn,GProgramming,Paris,1A,Latisha.Ailyn@ican-school.com
Ileana,Gavrila,Communication,Lyon,1A,Ileana.Gavrila@ican-school.com
Evita,Ashely,Animation,Bordeaux,2A,Evita.Ashely@ican-school.com
Tori,Gilbertson,Communication,Lille,2A,Tori.Gilbertson@ican-school.com
Yvonne,Peti,Animation,Paris,M1,Yvonne.Peti@ican-school.com
Odessa,Bebe,GProgramming,Lyon,2A,Odessa.Bebe@ican-school.com
Sue,Argus,GArt,Bordeaux,M1,Sue.Argus@ican-school.com
Charlena,Tound,Communication,Remote,M1,Charlena.Tound@ican-school.com
Alia,Nikaniki,Narrative Design,Lyon,M2,Alia.Nikaniki@ican-school.com
Minda,Bates,Communication,Paris,M2,Minda.Bates@ican-school.com
Nyssa,Moina,Narrative Design,Lille,2A,Nyssa.Moina@ican-school.com
Ida,Couture,GProgramming,Lyon,M2,Ida.Couture@ican-school.com
Kerrin,Martsen,Narrative Design,Lyon,2A,Kerrin.Martsen@ican-school.com
Gaylene,Sheng,GArt,Lille,2A,Gaylene.Sheng@ican-school.com
Loree,Ovid,Concept Art,Remote,M2,Loree.Ovid@ican-school.com
Lilith,Cosenza,Animation,Paris,1A,Lilith.Cosenza@ican-school.com
Marti,Mathilde,GProgramming,Bordeaux,2A,Marti.Mathilde@ican-school.com
Randa,Gualtiero,GDesign,Paris,M2,Randa.Gualtiero@ican-school.com
Julieta,Quinn,GArt,Remote,1A,Julieta.Quinn@ican-school.com
Averyl,Socha,GProgramming,Lille,M1,Averyl.Socha@ican-school.com
Eadie,Juan,GArt,Lille,1A,Eadie.Juan@ican-school.com
Joeann,Pernick,Communication,Lille,M1,Joeann.Pernick@ican-school.com
Briney,Rustice,Narrative Design,Paris,1A,Briney.Rustice@ican-school.com
Barbara,Daegal,Narrative Design,Bordeaux,M1,Barbara.Daegal@ican-school.com
Lulita,Aaberg,GProgramming,Lille,1A,Lulita.Aaberg@ican-school.com
Meghann,Lea,Communication,Remote,M2,Meghann.Lea@ican-school.com
Sharai,Medrek,GArt,Lille,2A,Sharai.Medrek@ican-school.com
Annabela,Cohdwell,Communication,Lille,M2,Annabela.Cohdwell@ican-school.com
Neila,Gamaliel,Concept Art,Paris,3A,Neila.Gamaliel@ican-school.com
Taffy,Dahlia,Animation,Paris,3A,Taffy.Dahlia@ican-school.com
Maud,Diogenes,GArt,Paris,2A,Maud.Diogenes@ican-school.com
Elka,Diogenes,Communication,Lyon,M2,Elka.Diogenes@ican-school.com
Fanchon,Cutlerr,Animation,Remote,3A,Fanchon.Cutlerr@ican-school.com
Alia,Pillsbury,Animation,Bordeaux,M2,Alia.Pillsbury@ican-school.com
Betta,Fink,Animation,Bordeaux,M1,Betta.Fink@ican-school.com
Madeleine,Primalia,GProgramming,Paris,2A,Madeleine.Primalia@ican-school.com
Mireielle,Gaulin,GDesign,Bordeaux,M1,Mireielle.Gaulin@ican-school.com
Bettine,Liebermann,GDesign,Lyon,M2,Bettine.Liebermann@ican-school.com
Camile,Olnee,GDesign,Paris,M2,Camile.Olnee@ican-school.com
Carlie,Iiette,GProgramming,Remote,3A,Carlie.Iiette@ican-school.com
Mahalia,Gilbertson,GProgramming,Lyon,M1,Mahalia.Gilbertson@ican-school.com
Kaia,Cyrie,Animation,Remote,3A,Kaia.Cyrie@ican-school.com
Ketti,Suanne,Narrative Design,Paris,M2,Ketti.Suanne@ican-school.com
Viviene,Arathorn,GArt,Lyon,M1,Viviene.Arathorn@ican-school.com
Britni,Claudine,Communication,Paris,1A,Britni.Claudine@ican-school.com
Christy,Chobot,Communication,Bordeaux,3A,Christy.Chobot@ican-school.com
Charmaine,Iphlgenia,Concept Art,Remote,M2,Charmaine.Iphlgenia@ican-school.com
Lacie,Arley,GProgramming,Lyon,1A,Lacie.Arley@ican-school.com
Wileen,Hepsibah,GDesign,Bordeaux,2A,Wileen.Hepsibah@ican-school.com
Leanna,Elbertina,Animation,Bordeaux,M1,Leanna.Elbertina@ican-school.com
Sabina,Idelia,Animation,Paris,M2,Sabina.Idelia@ican-school.com
Claresta,Lissi,Communication,Lyon,1A,Claresta.Lissi@ican-school.com
Lory,Jotham,Communication,Lille,2A,Lory.Jotham@ican-school.com
Kamilah,Mauer,Animation,Remote,1A,Kamilah.Mauer@ican-school.com
Margarette,Cosenza,Narrative Design,Lille,3A,Margarette.Cosenza@ican-school.com
Maridel,Tarrant,Communication,Paris,M1,Maridel.Tarrant@ican-school.com
Alexine,Amethist,GDesign,Bordeaux,1A,Alexine.Amethist@ican-school.com
Suzette,Donoghue,GDesign,Paris,2A,Suzette.Donoghue@ican-school.com
Rubie,Saree,Narrative Design,Remote,M2,Rubie.Saree@ican-school.com
Lanna,Croix,GArt,Lyon,M1,Lanna.Croix@ican-school.com
Olivette,Lareena,Communication,Lille,M2,Olivette.Lareena@ican-school.com
Almeta,Dituri,Communication,Remote,2A,Almeta.Dituri@ican-school.com
Meghann,Sholley,Narrative Design,Bordeaux,2A,Meghann.Sholley@ican-school.com
Annecorinne,Chick,Animation,Paris,1A,Annecorinne.Chick@ican-school.com
Annaliese,Swigart,GArt,Lille,2A,Annaliese.Swigart@ican-school.com
Gerrie,Kellby,Concept Art,Paris,M1,Gerrie.Kellby@ican-school.com
Marleah,Truc,GArt,Lyon,M1,Marleah.Truc@ican-school.com
Dennie,Niles,Communication,Bordeaux,1A,Dennie.Niles@ican-school.com
Bobbi,Angelis,GProgramming,Lyon,3A,Bobbi.Angelis@ican-school.com
Augustine,Damarra,Animation,Lyon,3A,Augustine.Damarra@ican-school.com
Linet,Zetta,Concept Art,Lille,1A,Linet.Zetta@ican-school.com
Teriann,Brotherson,Concept Art,Remote,1A,Teriann.Brotherson@ican-school.com
Ulrike,Sundin,GDesign,Lyon,M2,Ulrike.Sundin@ican-school.com
Corina,Montgomery,Animation,Paris,M2,Corina.Montgomery@ican-school.com
Di,Adlare,Communication,Remote,1A,Di.Adlare@ican-school.com
Deirdre,Ellerey,GArt,Lille,M1,Deirdre.Ellerey@ican-school.com
Kaja,Mullane,GDesign,Bordeaux,M2,Kaja.Mullane@ican-school.com
Reeba,Markman,Concept Art,Lyon,3A,Reeba.Markman@ican-school.com
Ekaterina,Terrence,Communication,Lille,M2,Ekaterina.Terrence@ican-school.com
Kirstin,Millda,GProgramming,Lyon,2A,Kirstin.Millda@ican-school.com
Jackie,Secrest,Concept Art,Lille,3A,Jackie.Secrest@ican-school.com
Heida,Leonard,GArt,Lille,1A,Heida.Leonard@ican-school.com
Carol-Jean,Cleo,Communication,Lille,2A,Carol-Jean.Cleo@ican-school.com
Kate,Bow,Concept Art,Lille,M1,Kate.Bow@ican-school.com
Vanessa,Francyne,Animation,Remote,2A,Vanessa.Francyne@ican-school.com
Jobi,Ahab,Animation,Lille,1A,Jobi.Ahab@ican-school.com
Laurene,Billye,GArt,Remote,3A,Laurene.Billye@ican-school.com
Jaclyn,Roumell,GProgramming,Remote,M1,Jaclyn.Roumell@ican-school.com
Rozele,McGrody,Concept Art,Remote,3A,Rozele.McGrody@ican-school.com
Max,Warthman,GDesign,Remote,3A,Max.Warthman@ican-school.com
Vonny,Wilona,Animation,Paris,M1,Vonny.Wilona@ican-school.com
Ariela,Gower,GProgramming,Bordeaux,M1,Ariela.Gower@ican-school.com
Marjie,Clara,GProgramming,Paris,1A,Marjie.Clara@ican-school.com
Elmira,Maxi,GDesign,Lille,1A,Elmira.Maxi@ican-school.com
Minda,Eachern,GArt,Lille,2A,Minda.Eachern@ican-school.com
Andeee,Papageno,Communication,Lyon,3A,Andeee.Papageno@ican-school.com
Glenda,LaRue,Narrative Design,Remote,1A,Glenda.LaRue@ican-school.com
Randa,Jillane,Animation,Bordeaux,M2,Randa.Jillane@ican-school.com
Sue,Prober,Animation,Bordeaux,1A,Sue.Prober@ican-school.com
Wileen,Henebry,Narrative Design,Bordeaux,M2,Wileen.Henebry@ican-school.com
Alyssa,Bevin,Narrative Design,Lille,1A,Alyssa.Bevin@ican-school.com
Netty,Sophronia,Communication,Lille,3A,Netty.Sophronia@ican-school.com
Sophia,Burnside,GArt,Lyon,M1,Sophia.Burnside@ican-school.com
Sindee,Lea,Animation,Remote,M2,Sindee.Lea@ican-school.com
Jemie,Edvard,GDesign,Lyon,1A,Jemie.Edvard@ican-school.com
Libbie,Hathaway,Communication,Lyon,M1,Libbie.Hathaway@ican-school.com
Delilah,Egbert,GArt,Paris,M2,Delilah.Egbert@ican-school.com
Tatiania,Land,Animation,Remote,2A,Tatiania.Land@ican-school.com
Consuela,Merriott,Communication,Lyon,M1,Consuela.Merriott@ican-school.com
Dawn,Pitt,Animation,Remote,2A,Dawn.Pitt@ican-school.com
Angela,Ammann,Narrative Design,Lille,M1,Angela.Ammann@ican-school.com
Jeanna,Odysseus,GDesign,Paris,M2,Jeanna.Odysseus@ican-school.com
Hyacinthe,Melleta,Communication,Paris,2A,Hyacinthe.Melleta@ican-school.com
Mignon,O'Neill,Animation,Remote,3A,Mignon.O'Neill@ican-school.com
Genovera,Wu,GArt,Bordeaux,M2,Genovera.Wu@ican-school.com
Briney,Sabella,Concept Art,Remote,M1,Briney.Sabella@ican-school.com
Bobbi,Wadell,Communication,Paris,1A,Bobbi.Wadell@ican-school.com
Hildegaard,Pitt,Concept Art,Bordeaux,1A,Hildegaard.Pitt@ican-school.com
Sadie,Pulsifer,Animation,Paris,2A,Sadie.Pulsifer@ican-school.com
Ginnie,Iiette,Communication,Paris,2A,Ginnie.Iiette@ican-school.com
Liana,Isidore,GDesign,Bordeaux,M1,Liana.Isidore@ican-school.com
Eugine,Tacye,Concept Art,Lille,M2,Eugine.Tacye@ican-school.com
Sue,Fleeta,Narrative Design,Bordeaux,M1,Sue.Fleeta@ican-school.com
Priscilla,Noam,Animation,Lyon,2A,Priscilla.Noam@ican-school.com
Nelle,Fontana,Communication,Paris,M1,Nelle.Fontana@ican-school.com
Paule,Cyrie,Narrative Design,Remote,M2,Paule.Cyrie@ican-school.com
Catharine,Larochelle,Concept Art,Lyon,3A,Catharine.Larochelle@ican-school.com
Jany,Kauppi,GDesign,Paris,3A,Jany.Kauppi@ican-school.com
Lanae,Demitria,Animation,Bordeaux,2A,Lanae.Demitria@ican-school.com
Yolane,Cherianne,GDesign,Paris,3A,Yolane.Cherianne@ican-school.com
Dorice,Suanne,GDesign,Bordeaux,3A,Dorice.Suanne@ican-school.com
Yetty,Suzetta,Narrative Design,Paris,1A,Yetty.Suzetta@ican-school.com
Genevra,Linehan,GArt,Bordeaux,2A,Genevra.Linehan@ican-school.com
Ivett,Marcellus,Narrative Design,Remote,2A,Ivett.Marcellus@ican-school.com
Ricky,Bury,Animation,Lyon,3A,Ricky.Bury@ican-school.com
Wilma,Bertold,Communication,Lyon,1A,Wilma.Bertold@ican-school.com
Tilly,Yoko,Animation,Paris,2A,Tilly.Yoko@ican-school.com
Rosene,Vernier,Concept Art,Bordeaux,2A,Rosene.Vernier@ican-school.com
Therine,Sheng,GArt,Lyon,2A,Therine.Sheng@ican-school.com
Nessie,Gaal,Concept Art,Lille,M1,Nessie.Gaal@ican-school.com
Brandise,Bevin,GDesign,Lille,M1,Brandise.Bevin@ican-school.com
Alex,Holbrook,Narrative Design,Paris,1A,Alex.Holbrook@ican-school.com
Gloria,Neils,Animation,Bordeaux,1A,Gloria.Neils@ican-school.com
Coral,Infield,Communication,Paris,M1,Coral.Infield@ican-school.com
Queenie,Llovera,Narrative Design,Paris,M2,Queenie.Llovera@ican-school.com
Dania,Lunsford,GDesign,Remote,M2,Dania.Lunsford@ican-school.com
Celisse,Olympium,Concept Art,Paris,1A,Celisse.Olympium@ican-school.com
Barbara,Fosque,Communication,Bordeaux,M1,Barbara.Fosque@ican-school.com
Leontine,Mendez,GDesign,Paris,3A,Leontine.Mendez@ican-school.com
Sibella,Blake,GArt,Lyon,M1,Sibella.Blake@ican-school.com
Gwyneth,Seligman,Communication,Paris,M1,Gwyneth.Seligman@ican-school.com
Mariele,Bertold,GDesign,Lille,2A,Mariele.Bertold@ican-school.com
Fredericka,Keelia,Animation,Lyon,M2,Fredericka.Keelia@ican-school.com
Joelly,Maurine,GArt,Bordeaux,3A,Joelly.Maurine@ican-school.com
Dode,Cottle,Narrative Design,Paris,M2,Dode.Cottle@ican-school.com
Edith,Jacqui,GArt,Lyon,1A,Edith.Jacqui@ican-school.com
Ricky,Noman,Animation,Paris,1A,Ricky.Noman@ican-school.com
Ebonee,Colp,GDesign,Lille,2A,Ebonee.Colp@ican-school.com
Cassondra,Ivens,Concept Art,Paris,3A,Cassondra.Ivens@ican-school.com
Molli,Jotham,Narrative Design,Bordeaux,2A,Molli.Jotham@ican-school.com
Merci,Pillsbury,GDesign,Bordeaux,M1,Merci.Pillsbury@ican-school.com
Mahalia,Joachim,GArt,Bordeaux,3A,Mahalia.Joachim@ican-school.com
Neila,Cohdwell,GDesign,Bordeaux,1A,Neila.Cohdwell@ican-school.com
Mariele,Timon,GProgramming,Lille,3A,Mariele.Timon@ican-school.com
Brana,Tjon,Narrative Design,Lyon,1A,Brana.Tjon@ican-school.com
Taffy,Reneta,Animation,Lyon,M1,Taffy.Reneta@ican-school.com
Ricky,Kenwood,GDesign,Lyon,M2,Ricky.Kenwood@ican-school.com
Oralee,Felecia,Narrative Design,Remote,M2,Oralee.Felecia@ican-school.com
Albertina,Ellerey,Concept Art,Paris,1A,Albertina.Ellerey@ican-school.com
Taffy,Trey,GArt,Remote,M2,Taffy.Trey@ican-school.com
Suzette,Quent,Concept Art,Lille,1A,Suzette.Quent@ican-school.com
Ilse,Infield,Concept Art,Lille,3A,Ilse.Infield@ican-school.com
Aeriela,Willie,Animation,Paris,3A,Aeriela.Willie@ican-school.com
Lonnie,Eiser,Narrative Design,Bordeaux,M1,Lonnie.Eiser@ican-school.com
Dorene,Hathaway,GArt,Remote,3A,Dorene.Hathaway@ican-school.com
Andeee,Sekofski,GArt,Bordeaux,2A,Andeee.Sekofski@ican-school.com
Marcelline,Poll,Narrative Design,Bordeaux,M2,Marcelline.Poll@ican-school.com
Gertrud,Sasnett,GArt,Paris,M2,Gertrud.Sasnett@ican-school.com
Willetta,Ajay,Concept Art,Lille,3A,Willetta.Ajay@ican-school.com
Margette,Giule,Animation,Bordeaux,3A,Margette.Giule@ican-school.com
Aurore,Eugenia,GArt,Paris,M2,Aurore.Eugenia@ican-school.com
Mignon,Zamora,Animation,Bordeaux,2A,Mignon.Zamora@ican-school.com
Dorene,Khorma,Concept Art,Paris,2A,Dorene.Khorma@ican-school.com
Cindelyn,Olnee,GArt,Bordeaux,2A,Cindelyn.Olnee@ican-school.com
Odessa,Denis,Animation,Remote,2A,Odessa.Denis@ican-school.com
Edee,Kussell,GDesign,Bordeaux,2A,Edee.Kussell@ican-school.com
Roz,Pernick,Concept Art,Paris,M2,Roz.Pernick@ican-school.com
Tressa,Atcliffe,Narrative Design,Lille,3A,Tressa.Atcliffe@ican-school.com
Estell,Presber,GArt,Lyon,M2,Estell.Presber@ican-school.com
Kaja,Hubert,GProgramming,Lyon,2A,Kaja.Hubert@ican-school.com
Dolli,Allare,Narrative Design,Paris,M1,Dolli.Allare@ican-school.com
Elka,Baylor,Communication,Paris,M1,Elka.Baylor@ican-school.com
Latisha,Dorothy,Narrative Design,Remote,3A,Latisha.Dorothy@ican-school.com
Gui,Lasley,GDesign,Bordeaux,2A,Gui.Lasley@ican-school.com
Joleen,Colyer,Concept Art,Lille,1A,Joleen.Colyer@ican-school.com
Sue,Louanna,Communication,Bordeaux,2A,Sue.Louanna@ican-school.com
Susette,Geffner,GDesign,Lyon,3A,Susette.Geffner@ican-school.com
Tobe,Wyn,Communication,Remote,M2,Tobe.Wyn@ican-school.com
Arabel,Lia,Concept Art,Lille,2A,Arabel.Lia@ican-school.com
Layla,Hubert,Animation,Lille,1A,Layla.Hubert@ican-school.com
Paulita,Fink,Narrative Design,Lyon,M1,Paulita.Fink@ican-school.com
Nelle,Quinn,GDesign,Lille,1A,Nelle.Quinn@ican-school.com
Ashlee,Zamora,Concept Art,Paris,3A,Ashlee.Zamora@ican-school.com
Tobe,Burch,Communication,Lyon,3A,Tobe.Burch@ican-school.com
Hope,Therine,GDesign,Bordeaux,1A,Hope.Therine@ican-school.com
Fidelia,Plato,Animation,Lyon,M1,Fidelia.Plato@ican-school.com
Leanna,Cressida,Concept Art,Lille,M2,Leanna.Cressida@ican-school.com
Darlleen,Kalinda,Communication,Paris,3A,Darlleen.Kalinda@ican-school.com
Ayn,Gladstone,Communication,Remote,1A,Ayn.Gladstone@ican-school.com
Aurelie,Fadiman,GArt,Remote,1A,Aurelie.Fadiman@ican-school.com
Selia,Herrera,GProgramming,Bordeaux,1A,Selia.Herrera@ican-school.com
Courtnay,Belanger,Concept Art,Lille,M2,Courtnay.Belanger@ican-school.com
Joy,Eugenia,GArt,Paris,2A,Joy.Eugenia@ican-school.com
Harmonia,Desai,GArt,Paris,2A,Harmonia.Desai@ican-school.com
Nanete,Kermit,GDesign,Lille,1A,Nanete.Kermit@ican-school.com
Tierney,Rubie,Concept Art,Lille,M2,Tierney.Rubie@ican-school.com
Corly,Friede,Animation,Bordeaux,1A,Corly.Friede@ican-school.com
Mignon,Prouty,Animation,Lyon,M2,Mignon.Prouty@ican-school.com
Roseline,Mozelle,GArt,Remote,M1,Roseline.Mozelle@ican-school.com
Binny,Fleeta,GDesign,Paris,2A,Binny.Fleeta@ican-school.com
Annaliese,Loleta,GArt,Lyon,M1,Annaliese.Loleta@ican-school.com
Tabbatha,Alfons,Animation,Lille,M1,Tabbatha.Alfons@ican-school.com
Cindelyn,Linehan,Communication,Remote,3A,Cindelyn.Linehan@ican-school.com
Stevana,Ochs,Animation,Remote,2A,Stevana.Ochs@ican-school.com
Emylee,Zitvaa,Concept Art,Remote,M2,Emylee.Zitvaa@ican-school.com
Bee,Cavan,Communication,Remote,M2,Bee.Cavan@ican-school.com
Ofilia,Laurianne,GDesign,Paris,2A,Ofilia.Laurianne@ican-school.com
Abbie,Killigrew,GArt,Paris,M1,Abbie.Killigrew@ican-school.com
Dione,Bari,GArt,Bordeaux,2A,Dione.Bari@ican-school.com
Karlee,Solitta,Concept Art,Bordeaux,M1,Karlee.Solitta@ican-school.com
Mathilda,Jary,GProgramming,Lyon,2A,Mathilda.Jary@ican-school.com
Karolina,Mike,Concept Art,Paris,2A,Karolina.Mike@ican-school.com
Fredericka,Tayib,GArt,Lyon,1A,Fredericka.Tayib@ican-school.com
Marika,Anderea,Narrative Design,Lille,M1,Marika.Anderea@ican-school.com
Calla,Burnside,GDesign,Bordeaux,2A,Calla.Burnside@ican-school.com
Emylee,Amethist,Animation,Bordeaux,1A,Emylee.Amethist@ican-school.com
Roz,Leifeste,Narrative Design,Remote,1A,Roz.Leifeste@ican-school.com
Elora,Tayib,Communication,Bordeaux,2A,Elora.Tayib@ican-school.com
Brietta,Pascia,Animation,Paris,M1,Brietta.Pascia@ican-school.com
Sheelagh,Evvie,Narrative Design,Lyon,1A,Sheelagh.Evvie@ican-school.com
Ketti,Ashok,Narrative Design,Remote,2A,Ketti.Ashok@ican-school.com
Katleen,Jefferey,Concept Art,Bordeaux,1A,Katleen.Jefferey@ican-school.com
Oralee,Love,Communication,Lille,2A,Oralee.Love@ican-school.com
Kial,Shaddock,GProgramming,Paris,2A,Kial.Shaddock@ican-school.com
Fina,Martsen,Communication,Remote,2A,Fina.Martsen@ican-school.com
Isa,Kirstin,GDesign,Bordeaux,M1,Isa.Kirstin@ican-school.com
Adore,MacIntosh,Communication,Lyon,1A,Adore.MacIntosh@ican-school.com
Hettie,Tremayne,Communication,Bordeaux,M2,Hettie.Tremayne@ican-school.com
Susette,Middleton,Narrative Design,Paris,2A,Susette.Middleton@ican-school.com
Minda,Aurelio,Concept Art,Lille,M1,Minda.Aurelio@ican-school.com
Merrie,Burnside,GProgramming,Paris,3A,Merrie.Burnside@ican-school.com
Celisse,Laverne,GProgramming,Lyon,M2,Celisse.Laverne@ican-school.com
Rochette,Cressida,Narrative Design,Lille,3A,Rochette.Cressida@ican-school.com
Kamilah,Wooster,Communication,Lyon,1A,Kamilah.Wooster@ican-school.com
Justinn,Soneson,GDesign,Paris,2A,Justinn.Soneson@ican-school.com
Nelle,Turne,GDesign,Bordeaux,3A,Nelle.Turne@ican-school.com
Gretal,Francyne,GProgramming,Paris,2A,Gretal.Francyne@ican-school.com
Darlleen,Warthman,Animation,Lyon,1A,Darlleen.Warthman@ican-school.com
Dorothy,Raimondo,Communication,Lille,M2,Dorothy.Raimondo@ican-school.com
Kore,Eiser,GProgramming,Bordeaux,M1,Kore.Eiser@ican-school.com
Fawne,Bakerman,GArt,Bordeaux,3A,Fawne.Bakerman@ican-school.com
June,Rosemary,GDesign,Lyon,1A,June.Rosemary@ican-school.com
Molli,Pauly,Communication,Paris,M1,Molli.Pauly@ican-school.com
Aryn,Mehalek,Animation,Remote,M2,Aryn.Mehalek@ican-school.com
Rani,Creamer,GProgramming,Lyon,2A,Rani.Creamer@ican-school.com
Nickie,Hurley,Narrative Design,Remote,M2,Nickie.Hurley@ican-school.com
Nonnah,Hanleigh,Communication,Lyon,2A,Nonnah.Hanleigh@ican-school.com
Lilith,Abernon,GProgramming,Paris,M1,Lilith.Abernon@ican-school.com
Brianna,Bashemeth,Concept Art,Lille,2A,Brianna.Bashemeth@ican-school.com
Kary,Couture,GArt,Bordeaux,1A,Kary.Couture@ican-school.com
Ricky,Manolo,Animation,Bordeaux,1A,Ricky.Manolo@ican-school.com
Veda,Publia,GArt,Paris,2A,Veda.Publia@ican-school.com
Daphne,Freddi,Narrative Design,Lille,2A,Daphne.Freddi@ican-school.com
Nita,Ventre,GDesign,Lyon,1A,Nita.Ventre@ican-school.com
Dari,Ciapas,Communication,Paris,M1,Dari.Ciapas@ican-school.com
Sissy,Katrine,Communication,Bordeaux,3A,Sissy.Katrine@ican-school.com
Dolli,Eliathas,Concept Art,Remote,1A,Dolli.Eliathas@ican-school.com
Vinita,Emmaline,Concept Art,Paris,2A,Vinita.Emmaline@ican-school.com
Cristine,Behre,GProgramming,Lille,2A,Cristine.Behre@ican-school.com
Zaria,Old,GProgramming,Bordeaux,2A,Zaria.Old@ican-school.com
Chandra,Nedrud,Animation,Remote,1A,Chandra.Nedrud@ican-school.com
Tybie,Kauppi,GDesign,Remote,3A,Tybie.Kauppi@ican-school.com
Molli,Alejoa,Communication,Paris,M2,Molli.Alejoa@ican-school.com
Dode,Poppy,GDesign,Bordeaux,M1,Dode.Poppy@ican-school.com
Lorenza,Cookie,Animation,Lille,3A,Lorenza.Cookie@ican-school.com
Norine,Olin,Animation,Paris,2A,Norine.Olin@ican-school.com
Carolina,Jillane,Narrative Design,Lyon,1A,Carolina.Jillane@ican-school.com
Sallie,Blake,GDesign,Remote,2A,Sallie.Blake@ican-school.com
Elise,Ioab,Concept Art,Lyon,2A,Elise.Ioab@ican-school.com
Selia,Darian,GProgramming,Lille,2A,Selia.Darian@ican-school.com
Goldie,Japeth,Concept Art,Paris,1A,Goldie.Japeth@ican-school.com
Nanete,Kinnard,Animation,Paris,M2,Nanete.Kinnard@ican-school.com
Olwen,Borrell,Narrative Design,Lille,1A,Olwen.Borrell@ican-school.com
Helena,Henebry,Communication,Remote,1A,Helena.Henebry@ican-school.com
Nananne,Arley,GDesign,Lille,3A,Nananne.Arley@ican-school.com
Cassondra,Alejoa,GArt,Paris,M1,Cassondra.Alejoa@ican-school.com
Georgetta,Deegan,Communication,Bordeaux,3A,Georgetta.Deegan@ican-school.com
Clo,Gwenore,Narrative Design,Lyon,M2,Clo.Gwenore@ican-school.com
Adelle,Georas,Communication,Lille,M2,Adelle.Georas@ican-school.com
Jenilee,Maroney,GDesign,Paris,M2,Jenilee.Maroney@ican-school.com
Rosabelle,Nore,GArt,Bordeaux,M1,Rosabelle.Nore@ican-school.com
Cristine,Bennie,GDesign,Bordeaux,2A,Cristine.Bennie@ican-school.com
Cyb,Ranjiv,GArt,Bordeaux,2A,Cyb.Ranjiv@ican-school.com
Clarice,Maribeth,GDesign,Paris,3A,Clarice.Maribeth@ican-school.com
Berta,Toffic,Concept Art,Remote,M2,Berta.Toffic@ican-school.com
Constance,Breed,GDesign,Lyon,M1,Constance.Breed@ican-school.com
Adore,Jobi,Concept Art,Bordeaux,M1,Adore.Jobi@ican-school.com
Lorie,Schonfeld,GProgramming,Bordeaux,1A,Lorie.Schonfeld@ican-school.com
Ronna,Oscar,GArt,Remote,3A,Ronna.Oscar@ican-school.com
Karena,Voletta,Narrative Design,Paris,M1,Karena.Voletta@ican-school.com
Lulita,Stover,Animation,Lille,2A,Lulita.Stover@ican-school.com
Max,Chandler,Animation,Bordeaux,3A,Max.Chandler@ican-school.com
Wileen,Mott,Concept Art,Remote,2A,Wileen.Mott@ican-school.com
Teddie,Vale,GDesign,Lille,2A,Teddie.Vale@ican-school.com
Meghann,Even,Narrative Design,Lyon,1A,Meghann.Even@ican-school.com
Donetta,Skurnik,GArt,Lyon,M1,Donetta.Skurnik@ican-school.com
Chastity,Tufts,GProgramming,Paris,2A,Chastity.Tufts@ican-school.com
Corly,Phaidra,Communication,Bordeaux,3A,Corly.Phaidra@ican-school.com
Livvyy,Pierette,Animation,Bordeaux,3A,Livvyy.Pierette@ican-school.com
Maisey,Rustice,GDesign,Lyon,M2,Maisey.Rustice@ican-school.com
Corina,Ehrman,Animation,Paris,1A,Corina.Ehrman@ican-school.com
Damaris,Lutero,GArt,Lille,2A,Damaris.Lutero@ican-school.com